{
  "origin_image_dir": "sample/origin/",
  "new_image_dir": "sample/new_train/",
  "train_image_dir": "sample/train/",
  "test_image_dir": "sample/test/",
  "api_image_dir": "sample/api/",
  "online_image_dir": "sample/online/",
  "local_image_dir": "sample/local/",
  "model_save_dir": "model/",
  "image_width": 250,
  "image_height": 120,
  "max_captcha": 4,
  "image_suffix": "jpg",
  "char_set": "0123456789abcdefghijklmnopqrstuvwxyz",
  "use_labels_json_file": false,
  "remote_url": "https://cas.caohua.com/cas/captcha?rand=1586221637244",
  "cycle_stop": 20000,
  "acc_stop": 0.99,
  "cycle_save": 500,
  "enable_gpu": 0,
  "train_batch_size": 128,
  "test_batch_size": 100
}